first_name,last_name,age
Paula,Carter,88
Brent,Houston,87
Kenneth,Rodriguez,87
David,Brown,83
Lauren,Watson,98
Zachary,Johnson,82
James,Jackson,71
Bradley,Camacho,100
Destiny,Jackson,90
Virginia,Kelley,71
William,Aguilar,62
Daniel,Gallagher,77
Hannah,Smith,67
Dylan,James,53
Christopher,Wilson,94
Travis,Miller,78
Linda,Huber,70
Michelle,Davis,93
Frederick,Love,74
Leslie,Maldonado,87
Jessica,Cook,85
Leslie,Chambers,92
Joe,Ortega,74
Benjamin,Clark,78
Cynthia,Thomas,62
Jody,Booker,68
Anna,May,56
Kathleen,Hubbard,70
Anthony,Torres,99
Ashley,Marshall,54
Amy,Cunningham,75
Ryan,Williams,74
William,Cole,81
Teresa,Caldwell,52
Michael,Bradford,51
Mia,Smith,97
Samantha,Cook,70
Patty,Walker,81
Amy,Young,85
Christina,Walker,97
Anthony,King,56
Andrew,Stone,98
Juan,Ruiz,79
Joel,Griffith,63
Cheyenne,Nguyen,51
Courtney,Evans,63
Kelly,Stokes,97
Ashley,Roberson,99
Robert,Andrews,96
Jennifer,Mcdaniel,92
Andrew,Brown,67
Lauren,Brown,88
Charles,May,57
Ricky,Hutchinson,66
Charlotte,Cervantes,76
Jennifer,Oliver,95
Edwin,Larson,99
Michael,Le,55
Cheryl,Robinson,70
Sabrina,Coleman,70
Penny,Hart,98
Kevin,Perez,69
Doris,Robertson,99
Patricia,Powell,78
Tammy,Smith,81
Elizabeth,Mckay,52
Steven,Stephens,77
Jared,Wallace,61
Zachary,Salinas,96
Stephanie,Stewart,56
John,George,62
Karen,Salas,99
David,Keith,65
Zachary,Edwards,78
Calvin,Williamson,70
Corey,Martin,87
Phillip,Daniels,55
Erika,Golden,97
Kevin,Williams,58
Donna,Long,84
Anthony,Mejia,54
Nathan,Rosario,79
Mary,Rodriguez,96
Jennifer,Diaz,86
Victoria,Sandoval,68
Jo,Whitehead,50
Hayden,Henson,65
Peter,Yang,79
Sarah,Simpson,78
Heather,Becker,94
Sean,Fox,58
Troy,Mccarthy,93
Thomas,Fernandez,55
Curtis,Patterson,97
Travis,Hudson,94
Matthew,Morrison,92
Joseph,Zimmerman,100
Glenda,Bailey,88
Bobby,Perry,75
Joseph,Sanchez,89
David,Butler,93
Brian,Fuller,96
Jennifer,Stout,72
Christina,Sanchez,72
Jessica,Johnson,100
Kristy,Ortiz,50
Douglas,Mora,78
Caleb,Hickman,56
Anna,Coleman,63
Rebecca,Moore,72
Eduardo,Mccarthy,52
